action	min_reward	mean_reward	max_reward
0	0.0	0.5671759738970457	3.7614611916597194
1	0.0	0.5419488801053388	2.721972422134206
2	0.0	0.2707829886742004	0.9666168669576152
