strategy	regret
uniform	132.66413846859263
just-0	0.0
just-1	30.56327561253275
just-2	369.03435546186785
actual	13.324600516900954
